Type,URL
USER URL,https://www.instagram.com/explore/tags/tattoo
USER URL,https://www.instagram.com/francesco_cuomo__/
USER URL,https://www.instagram.com/u.rim_tattoo/
USER URL,https://www.instagram.com/kajetankarczewski/
USER URL,https://www.instagram.com/inkedgirllovers/
USER URL,https://www.instagram.com/lukeaashley/
USER URL,https://www.instagram.com/alvarito_runner/
USER URL,https://www.instagram.com/electrocook/
USER URL,https://www.instagram.com/liamashurst/
USER URL,https://www.instagram.com/grim_antihero/
USER URL,https://www.instagram.com/fairycec_ink/
USER URL,https://www.instagram.com/embassy_tattoo/
USER URL,https://www.instagram.com/ttt_crong/
USER URL,https://www.instagram.com/tatto_olii/
USER URL,https://www.instagram.com/weschetattoo/
USER URL,https://www.instagram.com/un_loup/
USER URL,https://www.instagram.com/hattiejcox_tattoo/
USER URL,https://www.instagram.com/wicktail/
USER URL,https://www.instagram.com/thiagobritho_/
USER URL,https://www.instagram.com/jeanpaulmaratt/
USER URL,https://www.instagram.com/luv.dev_/
USER URL,https://www.instagram.com/mahell_tattooer/
USER URL,https://www.instagram.com/chicavu/
USER URL,https://www.instagram.com/yasam_islamda/
USER URL,https://www.instagram.com/pinzy.tattoos/
USER URL,https://www.instagram.com/aradhill_the_wizard/
USER URL,https://www.instagram.com/gainzrider/
USER URL,https://www.instagram.com/annna_havannna/
USER URL,https://www.instagram.com/jasminjurecek/
USER URL,https://www.instagram.com/skripka_2020_tattoo/
USER URL,https://www.instagram.com/mariapopova__tattoo/
USER URL,https://www.instagram.com/dvrk.nrth.tattoo/
USER URL,https://www.instagram.com/fairycec_ink/
USER URL,https://www.instagram.com/miren_the_forest_witch__/
USER URL,https://www.instagram.com/omidsaffar_tattoo/
USER URL,https://www.instagram.com/sydsmithhh/
USER URL,https://www.instagram.com/embassy_tattoo/
USER URL,https://www.instagram.com/luanmaiaart/
USER URL,https://www.instagram.com/urbiolatattoo/
USER URL,https://www.instagram.com/koibitotattoo/
USER URL,https://www.instagram.com/chalsky_/
USER URL,https://www.instagram.com/tattedboy.carlos/
USER URL,https://www.instagram.com/tmnt_wiz/
USER URL,https://www.instagram.com/tattoo.roshan/
USER URL,https://www.instagram.com/mriconicofficial2.0/
USER URL,https://www.instagram.com/narythe3rd/
USER URL,https://www.instagram.com/tatto_olii/
USER URL,https://www.instagram.com/cfuckingr/
USER URL,https://www.instagram.com/runotattooer/
USER URL,https://www.instagram.com/saramaansson/
USER URL,https://www.instagram.com/vintagetattooarchive/
USER URL,https://www.instagram.com/reese_cote/
USER URL,https://www.instagram.com/fergumarquez/
USER URL,https://www.instagram.com/monkeynoma_tattoo/
USER URL,https://www.instagram.com/mahell_tattooer/
USER URL,https://www.instagram.com/leejitattoo/
USER URL,https://www.instagram.com/vonntattoos/
USER URL,https://www.instagram.com/makar.tatt/
USER URL,https://www.instagram.com/heebeejeebeestattoo/
USER URL,https://www.instagram.com/weschetattoo/
USER URL,https://www.instagram.com/mrs.tattoo_/
USER URL,https://www.instagram.com/chicavu/
USER URL,https://www.instagram.com/luv.dev_/
USER URL,https://www.instagram.com/jasminjurecek/
USER URL,https://www.instagram.com/saramaansson/
USER URL,https://www.instagram.com/simonkbell/
USER URL,https://www.instagram.com/713tattoo/
USER URL,https://www.instagram.com/assassintattoostudio/
USER URL,https://www.instagram.com/voxytwitch/
USER URL,https://www.instagram.com/skripka_2020_tattoo/
USER URL,https://www.instagram.com/geraldine.josephine_tattoo/
USER URL,https://www.instagram.com/misha_noflag/
USER URL,https://www.instagram.com/tattooist.onyx/
USER URL,https://www.instagram.com/lucegrey/
USER URL,https://www.instagram.com/fredao_oliveira/
USER URL,https://www.instagram.com/hwahongtattoo/
USER URL,https://www.instagram.com/tattoo.roshan/
USER URL,https://www.instagram.com/coaching_jenny/
USER URL,https://www.instagram.com/mariapopova__tattoo/
USER URL,https://www.instagram.com/henry.hank.howdy/
USER URL,https://www.instagram.com/anitafer_tattoo/
USER URL,https://www.instagram.com/vintagetattooarchive/
USER URL,https://www.instagram.com/maclow/
USER URL,https://www.instagram.com/jaredleathers/
USER URL,https://www.instagram.com/hyeon_tattooist/
USER URL,https://www.instagram.com/anitafer_tattoo/
USER URL,https://www.instagram.com/grupo_mundo_das_tattoo/
USER URL,https://www.instagram.com/jeanpaulmaratt/
USER URL,https://www.instagram.com/tatu.naruto/
USER URL,https://www.instagram.com/hyeon_tattooist/
USER URL,https://www.instagram.com/memoryfracture/
USER URL,https://www.instagram.com/kajetankarczewski/
USER URL,https://www.instagram.com/u.rim_tattoo/
USER URL,https://www.instagram.com/mervesenguntattooer/
USER URL,https://www.instagram.com/inkedgirllovers/
USER URL,https://www.instagram.com/nickadamtattoo/
USER URL,https://www.instagram.com/thiagobritho_/
USER URL,https://www.instagram.com/ssneuron/
USER URL,https://www.instagram.com/milano_tattooart/
USER URL,https://www.instagram.com/kimawhitney/
USER URL,https://www.instagram.com/phiibrows.shabnaam/
USER URL,https://www.instagram.com/urbiolatattoo/
USER URL,https://www.instagram.com/henry.hank.howdy/
USER URL,https://www.instagram.com/heatherskart/
USER URL,https://www.instagram.com/misha_noflag/
USER URL,https://www.instagram.com/lucegrey/
USER URL,https://www.instagram.com/ashleynewtontattoo/
USER URL,https://www.instagram.com/tattoo.goku/
USER URL,https://www.instagram.com/simonkbell/
USER URL,https://www.instagram.com/mrs.tattoo_/
USER URL,https://www.instagram.com/gaialeone_ht/
USER URL,https://www.instagram.com/ll3.tattoo/
USER URL,https://www.instagram.com/milano_tattooart/
USER URL,https://www.instagram.com/ttt_crong/
USER URL,https://www.instagram.com/reese_cote/
USER URL,https://www.instagram.com/jo_hyuk_/
USER URL,https://www.instagram.com/hwahongtattoo/
USER URL,https://www.instagram.com/tattooist_marco/
USER URL,https://www.instagram.com/inkedgirllovers/
USER URL,https://www.instagram.com/luv.dev_/
USER URL,https://www.instagram.com/mahell_tattooer/
USER URL,https://www.instagram.com/saramaansson/
USER URL,https://www.instagram.com/francesco.capro/
USER URL,https://www.instagram.com/tattoo.roshan/
USER URL,https://www.instagram.com/makar.tatt/
USER URL,https://www.instagram.com/u.rim_tattoo/
USER URL,https://www.instagram.com/hoya_tattoo_/
USER URL,https://www.instagram.com/hyeon_tattooist/
USER URL,https://www.instagram.com/tattoo_alireza021_/
USER URL,https://www.instagram.com/massage_dubai_vili/
USER URL,https://www.instagram.com/ssneuron/
USER URL,https://www.instagram.com/tattooist.onyx/
USER URL,https://www.instagram.com/maclow/
USER URL,https://www.instagram.com/geraldine.josephine_tattoo/
USER URL,https://www.instagram.com/fredao_oliveira/
USER URL,https://www.instagram.com/plantsnpokes/
USER URL,https://www.instagram.com/tattoos_of_inkedmag/
USER URL,https://www.instagram.com/traditional.ink/
USER URL,https://www.instagram.com/alvarito_runner/
USER URL,https://www.instagram.com/grim_antihero/
USER URL,https://www.instagram.com/vonntattoos/
USER URL,https://www.instagram.com/bennu_blake/
USER URL,https://www.instagram.com/street_tattoo_lounge/
USER URL,https://www.instagram.com/pinzy.tattoos/
USER URL,https://www.instagram.com/hermana.tattoostudio/
USER URL,https://www.instagram.com/sydney_osso/
USER URL,https://www.instagram.com/phiibrows.shabnaam/
USER URL,https://www.instagram.com/yougotthis_e/
USER URL,https://www.instagram.com/yuripetrucci/
USER URL,https://www.instagram.com/annna_havannna/
USER URL,https://www.instagram.com/hattiejcox_tattoo/
USER URL,https://www.instagram.com/heebeejeebeestattoo/
USER URL,https://www.instagram.com/kira_tattoos/
USER URL,https://www.instagram.com/tattooist__irang/
USER URL,https://www.instagram.com/voxytwitch/
USER URL,https://www.instagram.com/cfuckingr/
USER URL,https://www.instagram.com/kajetankarczewski/
USER URL,https://www.instagram.com/aradhill_the_wizard/
USER URL,https://www.instagram.com/alirezatattoo.art/
USER URL,https://www.instagram.com/monkeynoma_tattoo/
USER URL,https://www.instagram.com/coaching_jenny/
USER URL,https://www.instagram.com/sabotagenick13/
USER URL,https://www.instagram.com/ohmyfred/
USER URL,https://www.instagram.com/ms.slickmahon/
USER URL,https://www.instagram.com/tmnt_wiz/
USER URL,https://www.instagram.com/narythe3rd/
USER URL,https://www.instagram.com/darkauratattoo/
USER URL,https://www.instagram.com/cidineiaraitz_/
USER URL,https://www.instagram.com/mriconicofficial2.0/
USER URL,https://www.instagram.com/sushen___/
USER URL,https://www.instagram.com/bbblackwork/
USER URL,https://www.instagram.com/gainzrider/
USER URL,https://www.instagram.com/emma.day/
USER URL,https://www.instagram.com/713tattoo/
USER URL,https://www.instagram.com/francesco_cuomo__/
USER URL,https://www.instagram.com/un_loup/
USER URL,https://www.instagram.com/lukeaashley/
USER URL,https://www.instagram.com/jaredleathers/
USER URL,https://www.instagram.com/koibitotattoo/
USER URL,https://www.instagram.com/liamashurst/
USER URL,https://www.instagram.com/zaeno.tattoo/
USER URL,https://www.instagram.com/han_graphc/
USER URL,https://www.instagram.com/tattedboy.carlos/
USER URL,https://www.instagram.com/liksommm/
USER URL,https://www.instagram.com/sara_13_27/
USER URL,https://www.instagram.com/nickadamtattoo/
USER URL,https://www.instagram.com/fergumarquez/
USER URL,https://www.instagram.com/anitafer_tattoo/
USER URL,https://www.instagram.com/weschetattoo/
USER URL,https://www.instagram.com/runotattooer/
USER URL,https://www.instagram.com/sentaro13/
USER URL,https://www.instagram.com/chicavu/
USER URL,https://www.instagram.com/mryaseenkhan313/
USER URL,https://www.instagram.com/luanmaiaart/
USER URL,https://www.instagram.com/wicktail/
USER URL,https://www.instagram.com/chalsky_/
USER URL,https://www.instagram.com/pamelacascante/
USER URL,https://www.instagram.com/assassintattoostudio/
USER URL,https://www.instagram.com/morgana.tattoo.colmar/
POST URL,https://www.instagram.com/p/Cx6Agd0yAS6/
POST URL,https://www.instagram.com/p/Cx6SlZUIWum/
POST URL,https://www.instagram.com/p/Cx51sfBPctF/
POST URL,https://www.instagram.com/p/C3Dd-YFokPZ/
POST URL,https://www.instagram.com/p/Cx6uqGlpY_x/
POST URL,https://www.instagram.com/p/C3Doc07rskL/
POST URL,https://www.instagram.com/p/C3BnUyZrFXC/
POST URL,https://www.instagram.com/p/Cx5i6wBrMg9/
POST URL,https://www.instagram.com/p/C3B8E7tv4Os/
POST URL,https://www.instagram.com/p/C3EFxPIt2U_/
POST URL,https://www.instagram.com/p/Cx5jSkVoVgm/
POST URL,https://www.instagram.com/p/Cx54hcQO5Zl/
POST URL,https://www.instagram.com/p/Cx53fp2vnsn/
POST URL,https://www.instagram.com/p/Cx6QQEqoYwB/
POST URL,https://www.instagram.com/p/Cx6y4CrtdMT/
POST URL,https://www.instagram.com/p/Cx53My7LF7V/
POST URL,https://www.instagram.com/p/Cx6cyfcOBSx/
POST URL,https://www.instagram.com/p/Cx5-t1rupUu/
POST URL,https://www.instagram.com/p/Cx6PWMQp8aE/
POST URL,https://www.instagram.com/p/Cx53YmDIu4c/
POST URL,https://www.instagram.com/p/Cx6YTF1PyRL/
POST URL,https://www.instagram.com/p/Cx5s-izsr-r/
POST URL,https://www.instagram.com/p/C3EFxPIt2U_/
POST URL,https://www.instagram.com/p/C3Dd-YFokPZ/
POST URL,https://www.instagram.com/p/C3Dlm2QLu0H/
POST URL,https://www.instagram.com/p/C3Db7uViTnM/
POST URL,https://www.instagram.com/p/Cx6C9zLt2oW/
POST URL,https://www.instagram.com/p/Cx6dTD4BckK/
POST URL,https://www.instagram.com/p/C3DrzW1uxWk/
POST URL,https://www.instagram.com/p/C3CASv5OYLw/
POST URL,https://www.instagram.com/p/C3CASv5OYLw/
POST URL,https://www.instagram.com/p/Cx5htcegVbj/
POST URL,https://www.instagram.com/p/C3DiNbxvNKt/
POST URL,https://www.instagram.com/p/Cx6JhiNrCyY/
POST URL,https://www.instagram.com/p/Cx6x9wfyv7u/
POST URL,https://www.instagram.com/p/C3Dlm2QLu0H/
POST URL,https://www.instagram.com/p/Cx5wdnxrt7R/
POST URL,https://www.instagram.com/p/C3DeB92o0vJ/
POST URL,https://www.instagram.com/p/Cx6HWq0Os_J/
POST URL,https://www.instagram.com/p/Cx53B0eLB8W/
POST URL,https://www.instagram.com/p/Cx51ox2Ka-C/
POST URL,https://www.instagram.com/p/C3DPJfCLs8l/
POST URL,https://www.instagram.com/p/Cx6m_3mPHiH/
POST URL,https://www.instagram.com/p/Cx53-TbslXj/
POST URL,https://www.instagram.com/p/C3BoN88v8WP/
POST URL,https://www.instagram.com/p/C3DPJfCLs8l/
POST URL,https://www.instagram.com/p/Cx5PTa0riBa/
POST URL,https://www.instagram.com/p/Cx5w0FWMM7t/
POST URL,https://www.instagram.com/p/Cx6tSjru9ud/
POST URL,https://www.instagram.com/p/C3AqG4ZtKsc/
POST URL,https://www.instagram.com/p/Cx5s7jsNThr/
POST URL,https://www.instagram.com/p/Cx5z-y1pVuC/
POST URL,https://www.instagram.com/p/C3A-NiQogkk/
POST URL,https://www.instagram.com/p/C3EFxPIt2U_/
POST URL,https://www.instagram.com/p/C3BMSvptM-C/
POST URL,https://www.instagram.com/p/C3EQJe2rvre/
POST URL,https://www.instagram.com/p/C3DRWtMM2cc/
POST URL,https://www.instagram.com/p/C3DrzW1uxWk/
POST URL,https://www.instagram.com/p/C3DeB92o0vJ/
POST URL,https://www.instagram.com/p/C3Db7uViTnM/
POST URL,https://www.instagram.com/p/Cx5qQVHMWFx/
POST URL,https://www.instagram.com/p/C3CASv5OYLw/
POST URL,https://www.instagram.com/p/Cx52lBgsL6J/
POST URL,https://www.instagram.com/p/C3D3q_Gu4ny/
POST URL,https://www.instagram.com/p/Cx4ppx9LmhX/
POST URL,https://www.instagram.com/p/Cx6dTD4BckK/
POST URL,https://www.instagram.com/p/Cx5tXdINi-z/
POST URL,https://www.instagram.com/p/Cx6soZgpFfr/
POST URL,https://www.instagram.com/p/C3DkkgfCLpJ/
POST URL,https://www.instagram.com/p/C3BEgZet-DL/
POST URL,https://www.instagram.com/p/Cx5lLZtsbfK/
POST URL,https://www.instagram.com/p/C3BOFjOCRju/
POST URL,https://www.instagram.com/p/C3BOFjOCRju/
POST URL,https://www.instagram.com/p/C3CY5HHLf_e/
POST URL,https://www.instagram.com/p/Cx50CzLrAOM/
POST URL,https://www.instagram.com/p/Cx5w46UNyQ8/
POST URL,https://www.instagram.com/p/C3CGsWQi-KS/
POST URL,https://www.instagram.com/p/C3Dd-YFokPZ/
POST URL,https://www.instagram.com/p/C3BoN88v8WP/
POST URL,https://www.instagram.com/p/C3DE0G9NMtE/
POST URL,https://www.instagram.com/p/Cx55UAPIE2q/
POST URL,https://www.instagram.com/p/C3DPWeUo0cb/
POST URL,https://www.instagram.com/p/C3DiNbxvNKt/
POST URL,https://www.instagram.com/p/C3DPJfCLs8l/
POST URL,https://www.instagram.com/p/C3CGsWQi-KS/
POST URL,https://www.instagram.com/p/C3BDIhhLlE4/
POST URL,https://www.instagram.com/p/Cx52zxWLKfI/
POST URL,https://www.instagram.com/p/Cx579o5saSL/
POST URL,https://www.instagram.com/p/Cx6La1USBDP/
POST URL,https://www.instagram.com/p/Cx503ejsKyy/
POST URL,https://www.instagram.com/p/Cx52U8ysLFN/
POST URL,https://www.instagram.com/p/C3BnUyZrFXC/
POST URL,https://www.instagram.com/p/Cx4_mwItrcI/
POST URL,https://www.instagram.com/p/C3DPWeUo0cb/
POST URL,https://www.instagram.com/p/Cx6gDYIvYIv/
POST URL,https://www.instagram.com/p/C3Dc-e6sjrY/
POST URL,https://www.instagram.com/p/Cx6y4CrtdMT/
POST URL,https://www.instagram.com/p/Cx533mNOBcx/
POST URL,https://www.instagram.com/p/Cx6SlZUIWum/
POST URL,https://www.instagram.com/p/Cx6C0hhv3aS/
POST URL,https://www.instagram.com/p/Cx6tj96xt8n/
POST URL,https://www.instagram.com/p/Cx54blnrfJG/
POST URL,https://www.instagram.com/p/Cx6tGcOJdqt/
POST URL,https://www.instagram.com/p/Cx6RTUvyIvy/
POST URL,https://www.instagram.com/p/Cx5PTa0riBa/
POST URL,https://www.instagram.com/p/Cx59-dALNyN/
POST URL,https://www.instagram.com/p/Cx6JZpeLMqX/
POST URL,https://www.instagram.com/p/C3CmPSFoRZZ/
POST URL,https://www.instagram.com/p/Cx5htcegVbj/
POST URL,https://www.instagram.com/p/C3DiNbxvNKt/
POST URL,https://www.instagram.com/p/Cx6RWA_I1sG/
POST URL,https://www.instagram.com/p/Cx5bQJxsCs2/
POST URL,https://www.instagram.com/p/C3Dlm2QLu0H/
POST URL,https://www.instagram.com/p/C3DBEHgio9g/
POST URL,https://www.instagram.com/p/C3C65KZLXNY/
POST URL,https://www.instagram.com/p/Cx5s7bfo7Pu/
POST URL,https://www.instagram.com/p/Cx6H-OQP2mn/
POST URL,https://www.instagram.com/p/Cx6TzYqIaU6/
POST URL,https://www.instagram.com/p/Cx53B0eLB8W/
POST URL,https://www.instagram.com/p/Cx51ox2Ka-C/
POST URL,https://www.instagram.com/p/C3DPJfCLs8l/
POST URL,https://www.instagram.com/p/Cx5to2kLqyp/
POST URL,https://www.instagram.com/p/C3DeB92o0vJ/
POST URL,https://www.instagram.com/p/C3DrzW1uxWk/
POST URL,https://www.instagram.com/p/C3EQJe2rvre/
POST URL,https://www.instagram.com/p/Cx6HNisrQlM/
POST URL,https://www.instagram.com/p/Cx6M_0gMn4J/
POST URL,https://www.instagram.com/p/Cx6Hg39rBZS/
POST URL,https://www.instagram.com/p/Cx51sfBPctF/
POST URL,https://www.instagram.com/p/Cx6XGT7IZvF/
POST URL,https://www.instagram.com/p/Cx6uey2pQ3M/
POST URL,https://www.instagram.com/p/Cx6Fx-Wrr_L/
POST URL,https://www.instagram.com/p/Cx52QsLNrBn/
POST URL,https://www.instagram.com/p/Cx6ANo9rM_D/
POST URL,https://www.instagram.com/p/Cx5w0FWMM7t/
POST URL,https://www.instagram.com/p/Cx6gmldJVpn/
POST URL,https://www.instagram.com/p/Cx52re-OY6K/
POST URL,https://www.instagram.com/p/Cx6v054gGDF/
POST URL,https://www.instagram.com/p/Cx53-TbslXj/
POST URL,https://www.instagram.com/p/Cx6m_3mPHiH/
POST URL,https://www.instagram.com/p/Cx6war-x8qM/
POST URL,https://www.instagram.com/p/Cx6vJgZpP55/
POST URL,https://www.instagram.com/p/C3D1UxLLie8/
POST URL,https://www.instagram.com/p/Cx5DPLSIxXZ/
POST URL,https://www.instagram.com/p/Cx5jZuhrtGG/
POST URL,https://www.instagram.com/p/Cx6xSUPpnRr/
POST URL,https://www.instagram.com/p/Cx5NEMJql4x/
POST URL,https://www.instagram.com/p/Cx6HHgMJY8Z/
POST URL,https://www.instagram.com/p/Cx52_aps4ZP/
POST URL,https://www.instagram.com/p/Cx6u7fqME0e/
POST URL,https://www.instagram.com/p/Cx6xaQoJnqP/
POST URL,https://www.instagram.com/p/Cx5Srl6Pz8q/
POST URL,https://www.instagram.com/p/Cx5wGanMhuR/
POST URL,https://www.instagram.com/p/Cx6yW3dvcrB/
POST URL,https://www.instagram.com/p/Cx6M7Vxrn0q/
POST URL,https://www.instagram.com/p/Cx6GGIwr8yb/
POST URL,https://www.instagram.com/p/Cx52WEBOI4u/
POST URL,https://www.instagram.com/p/Cx4_YGSyJMc/
POST URL,https://www.instagram.com/p/Cx5sOV_MLyc/
POST URL,https://www.instagram.com/p/Cx6HWq0Os_J/
POST URL,https://www.instagram.com/p/C3BDIhhLlE4/
POST URL,https://www.instagram.com/p/C3AqG4ZtKsc/
POST URL,https://www.instagram.com/p/Cx6HjahoIdy/
POST URL,https://www.instagram.com/p/Cx57Q54MLA0/
POST URL,https://www.instagram.com/p/Cx6fTl1PqWJ/
POST URL,https://www.instagram.com/p/C3BoN88v8WP/
POST URL,https://www.instagram.com/p/C3DRWtMM2cc/
POST URL,https://www.instagram.com/p/Cx5r0POgqmv/
POST URL,https://www.instagram.com/p/C3Dlm2QLu0H/
POST URL,https://www.instagram.com/p/Cx5wdnxrt7R/
POST URL,https://www.instagram.com/p/C3DBEHgio9g/
POST URL,https://www.instagram.com/p/C3A-NiQogkk/
POST URL,https://www.instagram.com/p/C3C65KZLXNY/
POST URL,https://www.instagram.com/p/C3CmPSFoRZZ/
POST URL,https://www.instagram.com/p/C3DS6WUCqmD/
POST URL,https://www.instagram.com/p/C3CY5HHLf_e/
POST URL,https://www.instagram.com/p/Cx6UApRy7LI/
POST URL,https://www.instagram.com/p/C3Db7uViTnM/
POST URL,https://www.instagram.com/p/Cx6wIp7uoXX/
POST URL,https://www.instagram.com/p/Cx6tSjru9ud/
POST URL,https://www.instagram.com/p/C3DkkgfCLpJ/
POST URL,https://www.instagram.com/p/Cx6xsY3SqNb/
POST URL,https://www.instagram.com/p/Cx6C9zLt2oW/
POST URL,https://www.instagram.com/p/C3D7CS-S5bq/
POST URL,https://www.instagram.com/p/C3AqG4ZtKsc/
POST URL,https://www.instagram.com/p/Cx6cNpFLqcT/
POST URL,https://www.instagram.com/p/C3CASv5OYLw/
POST URL,https://www.instagram.com/p/C3D3q_Gu4ny/
POST URL,https://www.instagram.com/p/Cx5uvabttky/
POST URL,https://www.instagram.com/p/C3BEgZet-DL/
POST URL,https://www.instagram.com/p/Cx6JhiNrCyY/
POST URL,https://www.instagram.com/p/C3BMSvptM-C/
POST URL,https://www.instagram.com/p/Cx6Q23uo9I-/
POST URL,https://www.instagram.com/p/Cx5pKyIuekf/
